{"_id":1,"state":"ANDAMAN & NICOBAR ISLANDS","cities":["Port Blair"]}
{"_id":2,"state":"ANDHRA PRADESH","cities":["Adilabad","Nizamabad","Ramagundam","Karimnagar","Greater Hyderabad","Secunderabad","Mahbubnagar","Suryapet","Nalgonda","Miryalaguda","Warangal","Khammam","Srikakulam","Vizianagaram","GVMC","Rajahmundry","Kakinada","Tadepalligudem","Eluru","Bhimavaram","Vijayawada","Gudivada","Machilipatnam","Narasaraopet","Guntur","Chilakaluripet","Tenali","Ongole","Nellore","Proddatur","Kadapa","Kurnool","Adoni","Nandyal","Anantapur","Guntakal","Tadpatri","Dharmavaram","Hindupur","Tirupati","Madanapalle","Chittoor"], info:{neighbouringStates:["MAHARASHTRA", "CHATTISGARH", "ORISSA", "TAMIL NADU", "KARNATAKA"], area:275045, capital:"Hyderabad", largestCity:"Hyderabad"}}
{"_id":3,"state":"ASSAM","cities":["Nagaon","Dibrugarh","Silchar","Guwahati"]}
{"_id":4,"state":"BIHAR","cities":["Bettiah","Bagaha","Motihari","Kishanganj","Purnia","Katihar","Saharsa","Darbhanga","Muzaffarpur","Siwan","Chapra","Hajipur","Begusarai","Bhagalpur","Munger","Jamalpur","Biharsharif","Patna","Dinapur Nizamat","Arrah","Buxar","Sasaram","Dehri","Aurangabad","Gaya","Jehanabad"]}
{"_id":5,"state":"CHANDIGARH","cities":["Chandigarh"]}
{"_id":6,"state":"CHHATTISGARH","cities":["Ambikapur","Raigarh","Korba","Bilaspur","Rajnandgaon","Durg","Bhilai Nagar","Raipur","Jagdalpur"]}
{"_id":7,"state":"GUJARAT","cities":["Ahmadabad","Kalol","Gandhinagar","Bhuj","Gandhidham","Palanpur","Deesa","Patan","Mahesana","Surendranagar Dudhrej","Morvi","Rajkot","Gondal","Jetpur Navagadh","Jamnagar","Porbandar","Veraval","Junagadh","Amreli","Bhavnagar","Botad","Anand","Nadiad","Godhra","Vadodara","Bharuch","Navsari","Valsad","Surat"], info:{neighbouringStates:["RAJASTHAN", "MADHYA PRADESH", "MAHARASHTRA"], neighbouringCountries:["PAKISTAN"], area:196024, largestCity:"Ahmedabad", capital:"Gandhinagar"}}
{"_id":8,"state":"HARYANA","cities":["Panchkula","Ambala Sadar","Ambala","Yamunanagar","Jagadhri","Thanesar","Kaithal","Karnal","Panipat","Sonipat","Jind","Sirsa","Hisar","Bhiwani","Rohtak","Bahadurgarh","Rewari","Gurgaon","Faridabad","Palwal"]}
{"_id":9,"state":"HIMACHAL PRADESH","cities":["Shimla"]}
{"_id":10,"state":"JAMMU & KASHMIR","cities":["Srinagar","Anantnag","Jammu"], info:{neighbouringStates:["PUNJAB", "HIMACHAL PRADESH"], neighbouringCountries:["PAKISTAN", "CHINA"], area:222236, largestCity:"Srinagar", capital:{summerCapital:"Srinagar", winterCapital:"Jammu"}}}
{"_id":11,"state":"JHARKHAND","cities":["Giridih","Deoghar","Dhanbad","Bokaro Steel City","Chas","Jamshedpur","Mango","Hazaribag","Ranchi","Aditya"]}
{"_id":12,"state":"KARNATAKA","cities":["Belgaum","Bagalkot","Bijapur","Bidar","Raichur","Gangawati","Gadag-Betigeri","Hubli-Dharwad","Ranibennur","Hospet","Bellary","Chitradurga","Davanagere","Shimoga","Bhadravati","Udupi","Chikmagalur","Tumkur","BBMP","Mandya","Hassan","Mangalore","Mysore","Gulbarga","Kolar","Robertson Pet"], info:{neighbouringStates:["KERALA", "KARNATAKA", "ANDHRA PRADESH"], area:191791, largestCity:"Bangalore", capital:"Bangalore"}}
{"_id":13,"state":"KERALA","cities":["Kozhikode","Palakkad","Thrissur","Kochi","Alappuzha","Kollam","Thiruvananthapuram"], info:{neighbouringStates:["KARNATAKA", "TAMIL NADU"], area:38863, capital:"Thiruvananthapuram", largestCity:"Thiruvananthapuram"}}
{"_id":14,"state":"MADHYA PRADESH","cities":["Morena","Bhind","Gwalior","Datia","Shivpuri","Chhattarpur","Sagar","Damoh","Satna","Rewa","Neemuch","Mandsaur","Ratlam","Nagda","Ujjain","Dewas","Pithampur","Indore","Khargone","Vidisha","Bhopal","Sehore","Betul","Hoshangabad","Murwara (Katni)","Jabalpur","Chhindwara","Seoni","Guna","Singrauli","Khandwa","Burhanpur"], info:{neighbouringStates:["UTTAR PRADESH", "CHATTISGARH", "MAHARASHTRA", "GUJARAT", "RAJASTHAN"], landlocked:true, area:308252, capital:"Bhopal", largestCity:"Indore"}}
{"_id":15,"state":"MAHARASHTRA","cities":["Nandurbar","Dhule","Jalgaon","Bhusawal","Akola","Achalpur","Amravati","Wardha","Hinganghat","Nagpur","Gondiya","Chandrapur","Yavatmal","Nanded Waghala","Parbhani","Jalna","Aurangabad","Nashik","Malegoan","Vasai Virar City","Bhiwandi","Greater Mumbai","Mira-Bhayander","Thane","Navi Mumbai","Kalyan-Dombivali","Ulhasnagar","Ambernath","Badalapur","Panvel","Navi Mumbai Panvel Raigad","Pune","Pimpri-Chinchwad","Ahmadnagar","Bid","Latur","Udgir","Osmanabad","Barshi","Solapur","Satara","Ichalkaranji","Kolapur","Sangli Miraj Kupwad"], info:{neighbouringStates:["GUJARAT", "MADHYA PRADESH", "CHATTISGARH", "ANDHRA PRADESH", "KARNATAKA", "GOA"], area:307713, capital:"Mumbai", largestCity:"Mumbai"}}
{"_id":16,"state":"MANIPUR","cities":["Imphal"]}
{"_id":17,"state":"MEGHALAYA","cities":["Shillong"]}
{"_id":18,"state":"MIZORAM","cities":["Aizawl"]}
{"_id":19,"state":"NAGALAND","cities":["Dimapur"]}
{"_id":20,"state":"NCT OF DELHI","cities":["DMC","NDMC Total","Kirari Suleman Nagar","Sultan Pur Majra","Bhalswa Jahangir Pur","Burari","Karawal Nagar","Mustafabad","Gokal Pur","Mandoli","Dallo Pura","Hastsal","Nangloi Jat","Delhi Cantonment","Deoli"]}
{"_id":21,"state":"ORISSA","cities":["Sambalpur Town","Raurkela Industrial Township","Raurkela Town","Baripada Town","Baleshwar Town","Bhadrak","Cuttack","Bhubaneswar Town","Puri Town","Brahmapur Town"]}
{"_id":22,"state":"PUDUCHERRY","cities":["Puducherry","Ozhukarai"]}
{"_id":23,"state":"PUNJAB","cities":["Pathankot","Batala","Kapurthala","Jalandhar","Hoshiarpur","Khanna","Ludhiana","Moga","Firozpur","Abohar","Muktsar","Bathinda","Patiala","Amritsar","S.A.S. Nagar","Malerkotla","Barnala"]}
{"_id":24,"state":"RAJASTHAN","cities":["Ganganagar","Hanumangarh","Bikaner","Churu","Sujangarh","Jhunjhunun","Alwar","Bhiwadi","Bharatpur","Dhaulpur","Hindaun","Gangapur City","Sawai Madhopur","Jaipur","Sikar","Nagaur","Jodhpur","Pali","Ajmer","Beawar","Kishangarh","Tonk","Bundi","Bhilwara","Banswara","Chittaurgarh","Kota","Baran","Udaipur"], info:{neighbouringStates:["GUJARAT", "MADHYA PRADESH", "UTTAR PRADESH", "HARYANA", "PUNJAB"], neighbouringCountries:["PAKISTAN"], area:342239, largestCity:"Jaipur", capital:"Jaipur", landlocked:true}}
{"_id":25,"state":"TAMIL NADU","cities":["Chennai","Avadi","Tiruvottiyur","Madavaram","Ambattur","Alandur","Pallavaram","Tambaram","Kancheepuram","Vellore","Ambur","Tiruvannamalai","Salem","Erode","Dindigul","Tiruchirappalli","Neyveli","Cuddalore","Nagapattinam","Kumbakonam","Thanjavur","Pudukkottai","Karaikkudi","Madurai","Rajapalayam","Thoothukkudi","Tirunelveli","Nagercoil","Hosur","Coimbatore","Kurichi","Tiruppur"], info:{neighbouringStates:["KERALA", "KARNATAKA", "ANDHRA PRADESH"], area:130058, largestCity:"Chennai", capital:"Chennai"}}
{"_id":26,"state":"TRIPURA","cities":["Agartala"]}
{"_id":27,"state":"UTTAR PRADESH","cities":["Saharanpur","Shamli","Muzaffarnagar","Moradabad","Sambhal","Chandausi","Rampur","Amroha","Meerut","Baraut","Modinagar","Loni","Khora","Hapur","Noida","Greater Noida","Bulandshahr","Khurja","Aligarh","Hathras","Mathura","Agra","Firozabad","Shikohabad","Mainpuri","Budaun","Bareilly","Pilibhit","Shahjahanpur","Lakhimpur","Sitapur","Hardoi","Unnao","Lucknow","Rae Bareli","Farrukhabad-cum-Fatehgarh","Etawah","Kanpur","Kanpur","Orai","Jhansi","Lalitpur","Banda","Fatehpur","Allahabad","Faizabad","Akbarpur","Sultanpur","Bahraich","Gonda","Basti","Gorakhpur","Deoria","Azamgarh","Maunath Bhanjan","Ballia","Jaunpur","Ghazipur","Mughalsarai","Varanasi","Mirzapur-cum-Vindhyachal","Etah","Kasganj"], info:{neighbouringStates:["RAJASTHAN", "HARYANA", "DELHI", "BIHAR", "JHARKHAND", "MADHYA PRADESH"], neighbouringCountries:["NEPAL"], area:243286, capital:"Lucknow", landlocked:true}}
{"_id":28,"state":"UTTARAKHAND","cities":["Dehradun","Haldwani-cum-Kathgodam","Kashipur","Rudrapur","Roorkee","Hardwar"]}
{"_id":29,"state":"WEST BENGAL","cities":["Siliguri","Darjiling","Jalpaiguri","Dabgram","Raiganj","Balurghat","English Bazar","Baharampur","Asansol","Kulti","Jamuria","Raniganj","Durgapur","Barddhaman","Nabadwip","Krishnanagar","Santipur","Bongaon","Habra","Ashokenagar Kalyangarh","Basirhat","Bankura","Puruliya","Kolkata","Kalyani","Rajarhat Gopalpur","Barasat","Madhyamgram","Kanchrapara","Halisahar","Naihati","Bhatpara","North Barrackpur","Barrackpur","Titagarh","Khardaha","Panihati","Kamarhati","Baranagar","South Dum Dum","North Dum Dum","Dum Dum","Bidhan Nagar","Bansberia","Hugli-Chinsurah","Bhadreswar","Champdani","Chandannagar","Baidyabati","Serampore","Rishra","Uttarpara Kotrung","Bally","Bally","Haora","Uluberia","Maheshtala","Rajpur Sonarpur","Medinipur","Kharagpur","Haldia"], info:{neighbouringStates:["ORISSA", "JHARKHAND", "BIHAR", "SIKKIM", "ASSAM"], neighbouringCountries:["NEPAL", "BHUTAN", "BANGLADESH"], area:88752, capital:"Kolkata", largestCity:"Kolkata"}}